id,affil1
0,almaden harry ibm jose
1,bombay iit
2,diego
3,zurich
4,athens business economics
5,aalborg
6,aalborg
7,aalborg
8,aalborg denmark
9,aalborg denmark
10,aalborg denmark
11,advanced pa pittsburgh
12,agricultural athens
13,bologna di
14,almaden
15,almaden jose
16,seattle
17,com seattle
18,corporate intel
19,thessaloniki
20,arizona az tempe
21,arizona
22,arizona
23,arizona az tempe
24,arizona az tempe
25,arizona tempe
26,aster
27,aster
28,az tempe
29,att
30,att florham nj park
31,att florham park
32,att
33,att
34,att florham nj park
35,att
36,att
37,att florham nj park
38,att florham nj park
39,att
40,att com divesh florham nj park
41,att
42,att florham nj park
43,att
44,att com florham nj park room
45,att com divesh florham park
46,att florham nj park
47,att florham nj park
48,att com
49,att
50,att florham nj park
51,att
52,att florham nj park
53,att nj
54,att
55,att
56,att com florham nj park room
57,att com divesh florham nj park
58,att florham nj park
59,att florham nj park
60,att jersey nj
61,att nj
62,att
63,att florham nj park
64,att florham nj park
65,att
66,att
67,att florham nj park
68,att
69,att florham nj park
70,athens business economics
71,athens business economics
72,athens business economics
73,att florham nj park
74,finland helsinki
75,nchen
76,bea
77,bea jose
78,bea jose
79,bea
80,bea
81,bea burlington ma
82,bea francisco
83,bea jose
84,bea diego jose
85,bea nj
86,bea redwood shores
87,bea francisco
88,bea jose
89,bea jose munich technical
90,bea
91,bea francisco
92,bell
93,bell
94,bell hill mountain murray nj
95,bell com hill mountain murray nj
96,bell il lucent
97,bell lucent
98,bell hill lucent mountain murray nj
99,bell com lucent mountain nj
100,bell hill lucent murray nj
101,bell lucent
102,bell hill murray nj
103,bell
104,bell
105,bell
106,bangalore bell
107,bell lucent
108,bell lucent
109,bell lucent
110,bell hill lucent murray nj
111,bell hill jersey lucent murray
112,bell hill lucent murray nj
113,bell hill murray nj
114,bell
115,berkeley
116,ibm stuttgart
117,ankara bilkent turkey
118,bilkent turkey
119,berkeley
120,boeing phantom works
121,boston
122,boston ma
123,boston ma
124,boston
125,boston
126,brandeis
127,brandeis ma waltham
128,brandeis ma waltham
129,brown
130,brown
131,brown providence ri
132,brown providence ri
133,brown providence ri
134,university
135,cc cupertino nec silicon valley
136,cc cupertino nec silicon suite valley
137,cc com jose nec rio sj
138,cc jose nec rio
139,carnegie mellon
140,carnegie mellon pa pittsburgh
141,carnegie mellon
142,carnegie epfl mellon
143,carnegie intel mellon pittsburgh
144,carnegie mellon pittsburgh
145,carnegie mellon pa pittsburgh
146,carnegie mellon pa pittsburgh
147,carnegie mellon pennsylvania pittsburgh
148,carnegie mellon
149,case cleveland oh reserve western
150,cedric cnam
151,cedric cnam paris
152,cedric cnam paris
153,cedric cnam fr paris
154,la lafayette louisiana
155,advanced chicago illinois
156,atlanta emory informatics
157,diego
158,amsterdam centrum en informatica voor wiskunde
159,amsterdam centrum en informatica kruislaan sj voor wiskunde
160,amsterdam centrum en informatica sj voor wiskunde
161,amsterdam centrum en informatica wiskunde
162,dauphine paris
163,lafayette purdue
164,cern
165,riverside uc
166,chinese
167,beijing chinese
168,chinese
169,chinese hong kong
170,chinese hong kong
171,chinese hong kong
172,chinese hong kong territories
173,chinese hong kong territories
174,chutney
175,atlanta chutney ga
176,atlanta chutney ga
177,edu newark nj rutgers
178,ny polytechnic
179,fl florida gainesville
180,hong kong
181,hong kong
182,hong kong
183,hong kong kowloon
184,as clustra
185,clustra norway trondheim
186,cnam
187,cnam paris
188,cnam
189,business
190,boston ma northeastern
191,northeastern
192,computing georgia
193,atlanta computing drive ga georgia
194,atlanta computing georgia
195,nanyang technological
196,drexel pa philadelphia
197,drexel pennsylvania philadelphia
198,drexel philadelphia
199,pa park pennsylvania
200,pa park pennsylvania
201,columbia
202,columbia york
203,columbia york
204,columbia ny york
205,columbia ny york
206,columbia ny
207,ankara bilkent turkey
208,berkeley electrical uc
209,alto compaq palo
210,compaq
211,compaq il
212,pa pennsylvania philadelphia
213,florida gainesville
214,florida gainesville
215,informatics patras
216,cambridge
217,riverside scienceengineering
218,indian mumbai scienceengineering
219,artificial intelligence massachusetts
220,bombay engg
221,engg india mumbai
222,arizona az edu tempe
223,amherst buffalo york
224,riverside
225,arizona tempe
226,carnegie mellon
227,boston
228,brown
229,carnegie mellon pittsburgh
230,carnegie mellon pa pittsburgh
231,carnegie mellon
232,advanced automation maryland park
233,advanced automation edu maryland park umd
234,columbia
235,duke
236,hong kong
237,chicago illinois
238,bloomington indiana
239,stanford
240,stanford
241,stanford
242,db edu stanford
243,stanford
244,stanford
245,haifa technion
246,haifa technion
247,ac aviv il tel
248,arizona
249,barbara santa
250,berkeley
251,angeles los
252,edu riverside ucr
253,university
254,champaign edu il illinois uiuc urbana
255,chicago illinois
256,maryland park
257,maryland md park
258,maryland park
259,carlos paulo
260,angeles los southern
261,angeles los southern
262,southern
263,stuttgart
264,box enschede nl twente
265,virginia
266,ucla
267,columbia
268,stanford
269,binghamton suny
270,angeles los ucla
271,chicago illinois
272,athens technical
273,berkeley uc
274,berkeley uc
275,central electrical fl florida
276,diego jolla la uc
277,hong kong
278,carlos sp
279,madison wi wisconsin
280,madison wisconsin
281,madison wisconsin
282,madison wi wisconsin
283,wisconsin
284,purdue
285,patras
286,box gr patras
287,computing
288,cornell ithaca ny
289,cornell
290,cornell ithaca ny
291,cornell ithaca york
292,cornell ithaca ny
293,cornell ithaca ny
294,cornell ithaca
295,cornell ithaca
296,courant mathematical york
297,courant mathematical york
298,courant mathematical ny york
299,courant york
300,courant ny york
301,courant ny
302,ucla
303,almaden ibm
304,cse sydney wales
305,csiro ict
306,csiro ict nsw
307,patras
308,madison uw
309,cwi
310,amsterdam cwi
311,amsterdam cwi
312,amsterdam cwi
313,amsterdam cwi sj
314,amsterdam cwi kruislaan nl sj
315,amsterdam cwi gb kruislaan
316,amsterdam cwi gb kruislaan
317,box cwi gb microsoft one redmond wa way
318,amsterdam cwi sj
319,calabria della rende
320,di roma tre
321,basilicata della
322,amsterdam kruislaan nl
323,gr thessaloniki
324,box heights ibm ny watson yorktown
325,box heights ibm ny watson yorktown
326,oracle
327,artificial database intelligence technische wien
328,database eth federal swiss zurich
329,database oracle redwood
330,bangalore database indian
331,bangalore bell database hill india indian lucent mountain murray nj serc
332,bangalore database indian serc
333,bangalore database indian serc
334,bangalore database indian serc
335,database edu fl florida gainesville
336,darmstadt distributed
337,waterloo
338,ontario waterloo
339,di milano politecnico
340,deis
341,bologna cnr deis
342,calabria deis della rende
343,riverside ucr
344,riverside
345,indiana
346,building pennsylvania
347,dearborn mi michigan
348,dearborn mi michigan
349,dearborn michigan
350,fl florida gainesville
351,florida
352,pennsylvania philadelphia
353,catalonia
354,hong kong kowloon
355,ankara bilkent turkey
356,ankara bilkent turkey
357,kyungpook
358,middle technical turkey
359,electrical toronto
360,maryland
361,riverside scienceengineering
362,riverside scienceengineering
363,diego scienceengineering
364,advanced daejeon kaist
365,advanced kaist taejon
366,automation bangalore indian
367,automation technical
368,la
369,electrical toronto
370,riverside
371,arizona az tempe
372,arizona az tempe
373,riverside
374,alon box edu seattle wa washington
375,chinese hong kong
376,chinese hong kong territories
377,chinese hong kong territories
378,finland helsinki
379,bombay indian mumbai
380,bombay indian mumbai
381,mi michigan
382,buffalo ny york
383,chinese cse edu hk hong kong
384,hong kong kowloon
385,hong kong kowloon
386,ohio
387,pa park pennsylvania
388,commat cse edu lcub pa park pennsylvania
389,riverside ucr
390,diego
391,university
392,minneapolis minnesota
393,minneapolis minnesota mn
394,minneapolis minnesota
395,minnesota mn
396,minnesota
397,seattle washington
398,seattle wa washington
399,alon edu seattle wa washington
400,washington
401,seattle wa washington
402,dayton wright
403,roc taipei
404,hong kong
405,melbourne software
406,northeastern
407,advanced maryland park
408,maryland park
409,aalborg denmark st
410,aalborg denmark
411,aalborg denmark
412,aalborg denmark
413,aalborg denmark st
414,boston ma
415,boston
416,brandeis
417,brandeis ma waltham
418,brandeis
419,brandeis ma waltham
420,brown
421,brown providence ri
422,brown
423,carnegie mellon pittsburgh
424,advanced automation maryland
425,hong kong kowloon
426,hong kong
427,hong kong kowloon tong
428,hong kong kowloon
429,cornell
430,darmstadt
431,carlos paulo statistics
432,duke
433,duke durham nc
434,fudan
435,computing tokyo
436,harbin
437,hong kong
438,bay clear hong kong water
439,bay clear hk hong kong kowloon water
440,bay hong kong
441,hong kong
442,hong kong kowloon
443,advanced edu maryland md park umd
444,advanced daejeon kaist
445,nj
446,roc taipei
447,hsinchu roc
448,hsinchu roc
449,university
450,drive
451,drive
452,drive edu nus
453,university
454,university
455,university
456,purdue
457,in lafayette purdue
458,lafayette purdue
459,edu marcos texas tx
460,stanford
461,stanford
462,brook ny stony york
463,binghamton suny
464,eth ethz federal rich swiss zentrum
465,haifa technion
466,tokyo
467,arizona az
468,arizona az tucson
469,british columbia
470,bc british columbia vancouver
471,british columbia vancouver
472,calgary
473,calgary
474,davis
475,barbara santa
476,cruz santa
477,angeles edu lcub los ucla
478,riverside
479,barbara santa
480,barbara santa
481,chile
482,finland helsinki
483,finland helsinki
484,hong kong
485,hong kong
486,hong kong
487,chicago illinois
488,chicago illinois
489,champaign il illinois urbana
490,champaign il illinois urbana
491,magdeburg
492,magdeburg
493,maryland
494,maryland park
495,maryland
496,amherst ma massachusetts
497,massachusetts
498,minneapolis minnesota mn
499,pittsburgh
500,pittsburgh
501,angeles los southern
502,angeles los southern
503,portland southern
504,dallas richardson texas tx
505,toronto
506,king m5s on toronto
507,m5s toronto
508,toronto
509,toronto
510,m5s toronto
511,edu toronto
512,on toronto
513,ontario waterloo
514,commat dayton edu lcub madison wi wisconsin
515,edu va virginia vt
516,va virginia
517,virginia
518,ks wichita
519,ma polytechnic worcester
520,polytechnic worcester
521,ma polytechnic worcester
522,dayton oh wright
523,zhejiang
524,in lafayette purdue
525,edu in lafayette purdue
526,purdue
527,in lafayette purdue
528,in lafayette purdue
529,in lafayette purdue
530,indiana lafayette purdue
531,lafayette purdue
532,lafayette purdue
533,madison wisconsin
534,dayton madison wi wisconsin
535,madison wisconsin
536,madison wi wisconsin
537,ma polytechnic worcester
538,alberta computing
539,alberta computing edmonton
540,ac commat computing lcub
541,champaign computing edu il illinois uiuc urbana
542,ethz rich
543,university
544,portland
545,cambridge electrical ma
546,electrical
547,electrical michigan
548,ann arbor electrical mi michigan
549,ann arbor electrical michigan
550,ann arbor electrical michigan
551,electrical ontario toronto
552,electrical toronto
553,carnegie electrical mellon
554,case cleveland electrical reserve western
555,electrical
556,electrical michigan
557,ann arbor electrical mi michigan
558,berkeley electrical
559,electrical roc
560,electrical roc taipei
561,athens gr hellas technical
562,academia sinica taipei
563,athens informatics telecommunications
564,commat gr informatics lcub thessaloniki
565,athens business economics gr hellas informatics
566,communication trento
567,roc
568,irvine
569,edu fairfax george mason software virginia
570,george mason software
571,kaohsiung sen sun yat
572,academia atlanta emory ga mathematics sinica taipei
573,mannheim mathematics
574,marburg mathematics
575,marburg mathematics
576,cambridge ma massachusetts
577,carnegie mellon pa pittsburgh statistics
578,carnegie mellon statistics
579,pa park pennsylvania statistics
580,chinese hong kong
581,chinese edu hk hong kong shatin
582,chinese hong kong
583,amherst ma massachusetts
584,berkeley electrical uc
585,carlos de paulo sp universidade
586,nj
587,scienceengineering seattle wa washington
588,bombay engg
589,chinese hong kong territories
590,bay clear hong kong water
591,diego jolla la
592,cornell
593,duke durham nc
594,hong kong
595,binghamton ny suny
596,hong kong
597,chicago il illinois
598,uiuc
599,chicago il illinois
600,kingdom manchester united
601,arizona az tucson
602,champaign illinois urbana
603,maryland
604,toronto
605,waterloo
606,binghamton ny suny
607,chicago il illinois
608,athens electrical technical
609,advanced electrical kaist
610,george mason software
611,athens hellas informatics telecommunications
612,irvine
613,cornell
614,baltimore hopkins johns md
615,chinese hong kong
616,roma tre
617,di
618,calabria
619,di informatica torino
620,da di dipartimento elet elettronica informazione it leonardo milan milano piazza polimi politecnico vinci
621,di dipartimento informatica la roma sapienza sistemistica
622,di dipartimento informatica la roma sapienza sistemistica via
623,degli di dipartimento studi universita
624,comelico degli di dipartimento dsi informazione it milano studi via
625,communication distributed epfl lausanne
626,carolina mathematical nc
627,advanced
628,chesnay de domaine inria le voluceau
629,dortmund
630,dresden technical
631,dresden
632,database dresden
633,database dresden
634,dresden
635,dresden software
636,drexel
637,comelico di dsi milano via
638,comelico di dsi milano via
639,di dsi milano
640,duke
641,duke durham nc
642,duke durham nc
643,carolina duke durham
644,csiro ict
645,de ecole paris telecommunications
646,cole de paris
647,de ecole lausanne polytechnique
648,de ecole lausanne polytechnique
649,de ecole epfl lausanne polytechnique rale
650,cole de lausanne polytechnique rale
651,cole de lausanne polytechnique rale
652,berkeley electrical uc
653,berkeley electrical
654,electrical ma
655,berkeley electrical uc
656,case cleveland electrical ohio reserve western
657,berkeley electrical uc
658,technical
659,ann arbor electrical mi michigan
660,ann arbor electrical michigan
661,electrical roc taipei
662,electrical roc taipei
663,electronics gu lg seoul
664,agricultural sp
665,atlanta emory ga
666,epfl
667,epfl lausanne
668,epfl
669,alto palo
670,eth zurich
671,ch eth zurich
672,ch eth rich
673,eth zurich
674,eth zurich
675,eth zurich
676,eth zurich
677,cern european geneva nuclear organization
678,alto palo
679,informatik marburg mathematik und
680,madison wisconsin
681,bolzano bozen free
682,enschede twente
683,hagen mathematics
684,informatik mannheim mathematik und
685,hagen
686,fernuniversit hagen
687,florida international
688,fl florida international miami
689,fl florida international miami
690,fl florida international miami park
691,fl florida tallahassee
692,fl florida tallahassee
693,florida tallahassee
694,informatik karlsruhe
695,rd telecom
696,bolzano bozen free
697,bolzano bozen free
698,bolzano bozen free
699,bolzano bozen free
700,fudan
701,fudan
702,fudan shanghai
703,fairfax george mason va
704,george mason
705,fairfax george mason va
706,fairfax george mason virginia
707,fairfax george mason vt
708,george washington
709,george washington
710,georgia
711,atlanta ga georgia
712,atlanta ga georgia
713,atlanta ga georgia
714,computing georgia
715,atlanta ga georgia
716,georgia
717,alto palo
718,computing tokyo
719,google
720,google
721,google mountain view
722,google mountain view
723,google mountain view
724,google mountain view
725,google mountain view
726,google
727,google mountain view
728,google mountain view
729,google mountain view
730,google ny york
731,google mountain view
732,mateo
733,haifa
734,haifa
735,haifa
736,harbin
737,harbin
738,harbin
739,harbin
740,institut
741,institut
742,hebrew
743,hebrew jerusalem
744,hebrew jerusalem
745,helixense pte
746,helixense pte
747,finland helsinki
748,alto hewlett packard palo
749,alto hewlett packard palo
750,alto hewlett packard palo
751,alto hewlett packard palo
752,hewlett houston packard tx
753,hewlett houston packard tx
754,alto hewlett packard palo
755,alto hewlett packard palo
756,hewlett packard
757,alto hewlett packard palo
758,alto hewlett packard palo
759,llc
760,llc
761,hkust
762,bay clear hkust hong kong water
763,hkust hong kong
764,baptist hong kong
765,baptist hong kong
766,hong kong polytechnic
767,hong kong kowloon polytechnic
768,hong kong
769,hong kong
770,hong kong
771,hong kong
772,hong kong
773,bay clear hong kong water
774,bay clear hong kong kowloon water
775,hong kong
776,hong kong
777,hong kong
778,hong kong kowloon
779,hong kong
780,alto hp palo
781,alto hp palo
782,alto hp palo
783,alto hp palo
784,hong kong
785,berlin humboldt zu
786,humboldt und
787,berlin humboldt zu
788,berlin humboldt zu
789,berlin humboldt zu
790,berlin humboldt zu
791,berlin humboldt zu
792,ag
793,ag
794,bombay
795,cedex rocquencourt
796,commat fr inria lcub rocquencourt
797,ibm
798,almaden ibm
799,almaden ibm jose
800,almaden ibm
801,almaden ibm
802,almaden ibm jose
803,almaden harry ibm jose
804,almaden com cornell edu harry ibm jose
805,almaden ibm
806,almaden ibm jose
807,almaden ibm jose
808,almaden ibm jose
809,almaden ibm jose
810,almaden ibm jose
811,almaden ibm jose
812,almaden ibm jose
813,almaden ibm
814,almaden ibm jose
815,almaden ibm
816,almaden ibm
817,almaden ibm jose
818,almaden ibm jose
819,almaden ibm jose
820,blingen boeblingen ibm
821,boeblingen ibm
822,ibm ontario toronto
823,ibm on toronto
824,beijing ibm
825,ibm
826,beijing ibm
827,beijing ibm
828,ibm jose
829,austin database ibm tx
830,blingen ibm
831,blingen ibm
832,ibm
833,boeblingen ibm
834,ibm
835,haifa ibm
836,haifa ibm
837,ibm
838,delhi ibm
839,ibm
840,delhi ibm
841,ibm indian
842,ibm portland
843,ibm
844,haifa ibm
845,haifa ibm
846,delhi ibm
847,heights ibm ny yorktown
848,ibm jose
849,ibm silicon valley
850,ibm jose silicon valley
851,ibm jose silicon valley
852,ibm jose silicon valley
853,ibm silicon valley
854,ibm jose silicon valley
855,ibm silicon valley
856,ibm jose silicon valley
857,ibm jose silicon valley
858,ibm silicon valley
859,ibm silicon valley
860,ibm jose valley
861,ibm software
862,ibm software
863,ibm software
864,bangalore ibm software
865,ibm watson
866,ibm watson
867,ibm ny watson
868,hawthorne ibm ny watson
869,hawthorne ibm watson york
870,hawthorne ibm ny watson
871,hawthorne ibm ny watson
872,box heights ibm ny watson yorktown
873,hawthorne ibm ny watson
874,ibm ny watson
875,heights ibm ny watson yorktown
876,heights ibm ny watson yorktown
877,ibm ny watson yorktown
878,hawthorne ibm ny watson
879,ibm watson
880,ibm watson
881,hawthorne ibm ny watson
882,hawthorne ibm watson york
883,hawthorne ibm ny watson
884,hawthorne ibm watson
885,ibm watson york
886,ibm watson
887,heights ibm ny watson yorktown
888,heights ibm watson yorktown
889,hawthorne ibm ny watson
890,heights ibm watson yorktown
891,hawthorne ibm ny watson
892,hawthorne ibm ny watson
893,hawthorne ibm ny thomas watson
894,hawthorne ibm ny thomas watson
895,ibm thomas watson yorktown
896,ibm watson
897,ibm tokyo
898,ibm tokyo
899,ibm toronto
900,development ibm markham on toronto
901,development ibm markham on toronto
902,development ibm on toronto
903,ibm toronto
904,ibm markham on toronto
905,ibm markham on toronto
906,ibm markham ontario toronto
907,ibm toronto
908,ibm on toronto
909,ibm toronto
910,ibm markham ontario toronto
911,ibm toronto
912,ibm markham ontario toronto
913,ibm markham ontario toronto
914,ibm markham ontario software toronto
915,ibm markham ontario software toronto
916,ibm watson
917,ibm watson
918,hawthorne ibm ny watson
919,hawthorne ibm ny watson
920,ibm software
921,beijing ibm
922,hawthorne ibm
923,ibm jose
924,ibm jose
925,ibm jose
926,ibm toronto
927,cnr icar rende
928,cnr icar
929,cnr icar
930,cnr icar rende
931,bombay iit
932,bombay iit
933,bombay iit
934,bombay iit
935,bombay iit
936,bangalore indian
937,bombay indian
938,bombay indian mumbai
939,indian mumbai
940,bombay indian mumbai
941,bombay indian
942,bombay indian
943,ac bombay indian it
944,bombay indian mumbai
945,indian mumbai
946,delhi indian
947,bloomington indiana
948,bloomington in indiana
949,infobright
950,infobright
951,infobright toronto
952,infobright
953,box infolab le nl
954,infolab le
955,software
956,agricultural athens informatics
957,aachen informatik rwth
958,asia beijing microsoft
959,beijing renmin
960,del marina rey southern
961,southern
962,del marina rey usc
963,bell hill mountain murray nj
964,bell hill murray nj
965,baltimore maryland
966,electronics lg
967,informix los software
968,informix los software
969,informix park
970,inria
971,inria rocquencourt
972,cnam inria
973,futurs inria
974,futurs inria
975,inria
976,inria rocquencourt
977,chesnay inria le rocquencourt
978,chesnay de domaine inria le rocquencourt voluceau
979,inria rocquencourt
980,chesnay inria le rocquencourt
981,bp cedex chesnay inria le
982,fr inria
983,cedex futurs inria orsay
984,inria orsay
985,cedex chesnay inria le rocquencourt
986,bp chesnay inria le
987,bp cedex chesnay de domaine inria le voluceau
988,inria
989,inria nantes
990,cedex inria orsay
991,aviv
992,institut nchen tu
993,informatik institut nchen
994,informatik institut munich technical
995,informatik institut nchen tu
996,freiburg informatik institut
997,bingen informatik institut
998,com institut paris
999,karlsruhe
1000,advanced maryland park
1001,munich nchen
1002,munich
1003,karlsruhe
1004,athens communication electrical hellas technical
1005,athens communication electrical technical
1006,athens communication electrical hellas technical
1007,edu
1008,box
1009,augsburg
1010,beijing chinese computing graduate
1011,computing sp
1012,tokyo
1013,ku tokyo
1014,edu
1015,academia sinica taipei
1016,academia sinica taipei
1017,eth zurich
1018,eth zurich
1019,berlin de economics humboldt
1020,distributed stuttgart
1021,berlin de humboldt informatics
1022,beijing chinese
1023,enschede technical twente
1024,de do federal rio universidade
1025,corporate princeton siemens
1026,angeles los southern
1027,intel
1028,clara intel santa
1029,berkeley intel
1030,berkeley intel
1031,berkeley intel
1032,intel pittsburgh
1033,intel pa pittsburgh
1034,intel pa pittsburgh
1035,berkeley intel
1036,berkeley intel
1037,berkeley intel
1038,intel pa pennsylvania pittsburgh
1039,international
1040,amsterdam
1041,amsterdam
1042,cnr isti pisa
1043,irvine uc
1044,advanced
1045,advanced
1046,advanced
1047,hopkins johns
1048,baltimore hopkins johns md
1049,kaist
1050,kaist taejon
1051,berlin
1052,kent oh
1053,kent oh
1054,beijing renmin republic
1055,clara santa
1056,king
1057,king
1058,advanced
1059,advanced daejeon kaist
1060,advanced daejeon kaist
1061,advanced kaist taejon
1062,advanced kaist taejon
1063,advanced daejeon gu
1064,advanced daejeon
1065,advanced daejeon
1066,advanced taejon
1067,advanced gu taejon
1068,informatics ku
1069,ku
1070,kyungpook
1071,kyungpook republic
1072,l3s
1073,hannover l3s
1074,hannover l3s
1075,la
1076,de en paris sud
1077,clermont ferrand isima laboratoire limos
1078,edinburgh informatics
1079,edinburgh
1080,dauphine paris
1081,athens distributed ga georgia
1082,athens distributed edu ga georgia
1083,berkeley
1084,berkeley
1085,cken lehrstuhl saarbr
1086,informatik lehrstuhl mannheim
1087,fernuniversit hagen lg
1088,electronics gu lg seoul
1089,blaise limos pascal
1090,cambridge ma massachusetts
1091,inria
1092,lri paris sud
1093,lri orsay paris sud
1094,bell engg hill india lucent mountain mumbai murray nj
1095,bell hill lucent murray nj
1096,bell hill lucent murray nj
1097,bell lucent
1098,bell lucent
1099,bell hill lucent murray nj
1100,bell lucent
1101,hill lucent murray nj
1102,munich
1103,i m t
1104,i m t
1105,haifa
1106,halle
1107,massachusetts
1108,cambridge ma massachusetts
1109,cambridge ma massachusetts
1110,ma massachusetts
1111,boeing phantom seattle washington works
1112,boeing com computing mathematics phantom washington works
1113,cken informatik institut max planck saarbr
1114,campus cken informatics max planck saarbr
1115,cken informatics max planck saarbr
1116,max planck saarbruecken
1117,cken max planck saarbr
1118,max planck saarbruecken
1119,cken informatics max planck saarbr
1120,informatics max planck saarbruecken
1121,max planck saarbruecken
1122,cken informatik institut max planck saarbr
1123,informatik institut max planck
1124,cken informatik institut max planck saarbr
1125,mcgill
1126,mcgill
1127,mcgill
1128,mi michigan
1129,intel
1130,microsoft
1131,intelligence microsoft
1132,microsoft redmond
1133,microsoft
1134,microsoft one redmond wa way
1135,microsoft redmond wa
1136,microsoft redmond wa
1137,microsoft
1138,microsoft one redmond wa way
1139,com microsoft one redmond wa way
1140,microsoft one redmond washington way
1141,microsoft redmond
1142,microsoft redmond
1143,microsoft redmond wa
1144,microsoft redmond wa
1145,microsoft
1146,microsoft
1147,asia microsoft
1148,asia beijing microsoft
1149,bangalore microsoft
1150,microsoft one wa way
1151,microsoft one redmond wa way
1152,microsoft redmond wa
1153,microsoft mountain silicon valley view
1154,francisco microsoft st suite
1155,cambridge microsoft
1156,cambridge kingdom microsoft united
1157,microsoft mountain view
1158,microsoft mountain view
1159,microsoft mountain view
1160,microsoft one redmond wa way
1161,microsoft one redmond wa way
1162,microsoft one redmond wa
1163,microsoft redmond
1164,microsoft redmond wa
1165,microsoft redmond
1166,microsoft redmond wa
1167,com microsoft redmond wa
1168,microsoft redmond wa
1169,microsoft redmond wa washington
1170,francisco microsoft
1171,microsoft
1172,microsoft mountain search view
1173,microsoft mountain search view
1174,microsoft mountain search view
1175,microsoft server
1176,microsoft one redmond server wa way
1177,microsoft redmond wa
1178,microsoft redmond wa
1179,microsoft
1180,middle technical
1181,ankara middle technical
1182,bangalore
1183,mit
1184,artificial cambridge csail intelligence ma mit
1185,artificial cambridge intelligence ma mit
1186,csail mit
1187,cambridge csail ma mit
1188,cambridge csail ma mit
1189,boston ma mit
1190,cambridge ma mit
1191,cambridge ma mit
1192,cambridge mit
1193,mitre
1194,nj
1195,il
1196,informatik saarbruecken
1197,rutgers
1198,nanyang technological
1199,nanyang technological
1200,nanyang technological
1201,nara
1202,ac commat nara
1203,nara
1204,nasa
1205,nasa
1206,md nasa space
1207,university
1208,computing
1209,diego
1210,ict nsw park
1211,taipei
1212,athens gr technical
1213,athens technical
1214,almaden athens ibm jose technical
1215,hsinchu roc
1216,university
1217,university
1218,republic
1219,university
1220,university
1221,kent
1222,university
1223,university
1224,university
1225,development ncr
1226,development diego ncr teradata
1227,ncr
1228,diego ncr
1229,america nec nj princeton
1230,america cupertino nec
1231,america cupertino nec
1232,america cupertino nec
1233,america nec
1234,nec nj princeton
1235,nec nj princeton
1236,jose nec
1237,jersey
1238,jersey
1239,jersey newark
1240,york
1241,york
1242,ny york
1243,ny york
1244,ny york
1245,melbourne nicta software victoria
1246,melbourne nicta
1247,carolina
1248,carolina nc
1249,carolina
1250,northeastern
1251,boston northeastern
1252,boston ma northeastern
1253,northeastern
1254,northeastern
1255,il
1256,cyber ntt
1257,cyber ntt space
1258,cyber kanagawa ntt space
1259,cyber kanagawa ntt space
1260,cyber kanagawa ntt space
1261,nus
1262,nus
1263,ogi oregon scienceengineering
1264,ogi
1265,ohio
1266,columbus oh ohio
1267,ogi
1268,microsoft one redmond wa way
1269,oracle
1270,oracle
1271,oracle redwood shores
1272,oracle
1273,oracle
1274,oracle redwood shores
1275,oracle
1276,oracle
1277,oracle
1278,nashua nh oracle
1279,nashua nh oracle
1280,nashua nh oracle
1281,nashua nh oracle
1282,development nashua nh one oracle
1283,com drive nashua nh one oracle
1284,oracle redwood shores
1285,oracle redwood
1286,oracle redwood
1287,oracle redwood shores
1288,oracle redwood shores
1289,oracle redwood shores
1290,oracle redwood shores
1291,oracle
1292,oracle redwood shores
1293,oracle redwood shores
1294,nashua nh oracle
1295,oracle redwood
1296,oracle redwood
1297,oracle redwood shores
1298,nashua nh oracle
1299,nashua nh oracle
1300,drive nashua nh one oracle
1301,oracle redwood shores
1302,oracle redwood shores
1303,oracle redwood
1304,oracle st
1305,box cse graduate oregon portland
1306,graduate oregon
1307,oxford
1308,oxford
1309,kingdom oxford united
1310,oxford united
1311,beijing
1312,pennsylvania
1313,pa pennsylvania
1314,pa park pennsylvania
1315,park pennsylvania
1316,pa park pennsylvania
1317,persistent pune
1318,persistent pune
1319,persistent pune
1320,marburg philipps
1321,marburg philipps
1322,marburg philipps
1323,marburg philipps
1324,da leonardo milano piazza vinci
1325,kdd pisa
1326,cnr isti kdd pisa
1327,cnr isti kdd pisa
1328,pohang
1329,gyungbuk pohang
1330,di milano politecnico
1331,da di dipartimento elet elettronica informazione it milano piazza polimi politecnico vinci
1332,barbara da di dipartimento elettronica informazione it leonardo milano piazza polimi politecnico vinci
1333,di milan milano politecnico
1334,di milano politecnico
1335,di elet it milano polimi politecnico
1336,da di leonardo milano piazza politecnico vinci
1337,di politecnico torino
1338,di politecnico torino
1339,polytechnic york
1340,polytechnic
1341,chile de universidad
1342,chile de universidad
1343,portland
1344,or portland
1345,or portland
1346,or portland
1347,fernuniversit hagen informatik it
1348,princeton
1349,nj princeton
1350,nj princeton
1351,prism versailles
1352,prism versailles
1353,irvine
1354,irvine
1355,pune
1356,ag sap walldorf
1357,chile
1358,purdue
1359,in lafayette purdue
1360,in lafayette purdue
1361,purdue
1362,lafayette purdue
1363,in lafayette purdue
1364,in lafayette purdue
1365,indiana lafayette purdue
1366,lafayette purdue
1367,london mary
1368,informatics patras rio
1369,athens
1370,renmin
1371,beijing renmin
1372,polytechnic york
1373,ny polytechnic
1374,ncr
1375,melbourne rmit
1376,rmit victoria
1377,business maryland md park
1378,carnegie mellon
1379,building chinese hong kong room shatin william
1380,building chinese hong kong room shatin william
1381,baptist building hong kong kowloon room tong
1382,rutgers
1383,hill murray nj rutgers
1384,newark rutgers
1385,newark rutgers
1386,nj rutgers
1387,nj rutgers
1388,aachen rwth
1389,aachen rwth
1390,aachen rwth
1391,aachen informatik rwth
1392,aachen rwth
1393,cken database saarbr saarland
1394,cken saarbr saarland
1395,electronics samsung
1396,electronics samsung
1397,do electronics samsung
1398,diego supercomputer
1399,diego supercomputer
1400,diego jolla la supercomputer
1401,diego supercomputer
1402,diego supercomputer
1403,clara santa
1404,clara santa
1405,sap
1406,ag sap walldorf
1407,ag sap
1408,ag sap walldorf
1409,ag sap walldorf
1410,alto palo sap
1411,alto llc palo sap
1412,di roma sapienza
1413,fl florida miami
1414,communication epfl lausanne
1415,cole communication de epfl lausanne polytechnique rale
1416,communication
1417,nanyang technological
1418,nanyang technological
1419,nanyang technological
1420,seoul
1421,nsw scienceengineering sydney wales
1422,wales
1423,hebrew jerusalem
1424,hebrew jerusalem
1425,cse edu nsw sydney wales
1426,nicta nsw sydney wales
1427,cse edu nsw sydney wales
1428,nicta nsw
1429,rmit
1430,melbourne rmit
1431,carnegie edu mellon pa
1432,carnegie mellon pa pittsburgh
1433,fl florida international miami
1434,oklahoma
1435,manchester
1436,manchester
1437,waterloo
1438,waterloo
1439,waterloo
1440,waterloo
1441,computing fraser simon
1442,computing fraser simon
1443,bc burnaby computing fraser simon
1444,computing fraser simon
1445,computing
1446,computing kent
1447,computing
1448,computing electronics
1449,computing
1450,electrical seoul
1451,electrical seoul
1452,bloomington indiana informatics
1453,irvine
1454,irvine
1455,university
1456,electrical queensland
1457,brisbane electrical queensland
1458,brisbane electrical queensland
1459,brisbane electrical queensland
1460,ottawa
1461,bombay iit
1462,indiana lafayette purdue
1463,seoul
1464,seoul
1465,electrical seoul
1466,seoul
1467,seoul
1468,bangalore indian serc
1469,oracle redwood server shores
1470,shanghai tong
1471,shanghai tong
1472,shanghai
1473,shanghai
1474,shibaura
1475,saitama shibaura
1476,mateo
1477,mateo
1478,corporate siemens
1479,corporate nj princeton siemens
1480,berkeley business siemens suite
1481,fraser simon
1482,fraser simon
1483,bc burnaby fraser simon
1484,burnaby fraser simon
1485,fraser simon
1486,bc burnaby computing fraser simon
1487,fraser simon vancouver
1488,university
1489,university
1490,university
1491,ag darmstadt software
1492,ag com software
1493,do electronics samsung software
1494,marcos texas
1495,nashua oracle
1496,stanford
1497,stanford
1498,stanford
1499,infolab stanford
1500,stanford
1501,alto palo stanford
1502,alto palo stanford
1503,alto palo stanford
1504,stanford
1505,stanford
1506,edu stanford
1507,stanford
1508,stanford
1509,stanford
1510,stanford
1511,stanford
1512,cruz santa uc
1513,buffalo york
1514,brook stony york
1515,buffalo york
1516,catalonia statistics
1517,att com nj
1518,brook stony
1519,brook ny stony
1520,sen sun yat
1521,binghamton suny
1522,binghamton ny suny
1523,buffalo suny
1524,buffalo ny suny
1525,buffalo ny suny
1526,alto palo
1527,ch eth ethz federal swiss zentrum zurich
1528,eth federal rich swiss
1529,ethz federal rich swiss
1530,federal rich swiss
1531,eth federal swiss zentrum zurich
1532,eth federal swiss zentrum zurich
1533,paris
1534,ny
1535,ny
1536,watson
1537,ibm watson
1538,tavant
1539,tavant
1540,bombay indian mumbai
1541,bombay engg indian mumbai
1542,crete technical
1543,crete technical
1544,crete technical
1545,dortmund technical
1546,munich technical
1547,technical wien
1548,technion
1549,haifa iit technion
1550,technion
1551,haifa technion
1552,haifa technion
1553,haifa technion
1554,dresden technische
1555,dresden technische
1556,nchen technische
1557,nchen technische
1558,de informatik institut nchen technische
1559,munich nchen technische
1560,technische wien
1561,technische wien
1562,aviv tel
1563,aviv tel
1564,aviv tel
1565,aviv tel
1566,aviv tel
1567,telcordia
1568,nj telcordia
1569,nj telcordia
1570,paristech telecom
1571,teradata
1572,teradata
1573,angeles los ncr teradata
1574,teradata
1575,teradata
1576,diego ncr teradata
1577,diego teradata
1578,diego teradata
1579,texas
1580,marcos texas tx
1581,boeing seattle wa
1582,chinese hong kong
1583,chinese hong kong
1584,chinese hong kong
1585,chinese hong kong
1586,chinese hong kong territories
1587,chinese hong kong shatin
1588,chinese hong kong shatin
1589,mary william
1590,mary va william
1591,hebrew
1592,campus hebrew jerusalem
1593,hebrew jerusalem
1594,hebrew jerusalem
1595,hong kong polytechnic
1596,hong kong polytechnic
1597,hong kong kowloon polytechnic
1598,hong kong
1599,bay clear hong kong water
1600,bay hong kong
1601,hong kong
1602,hong kong
1603,hong kong
1604,hong kong kowloon
1605,hopkins johns
1606,mitre
1607,mclean mitre va
1608,mclean mitre va
1609,mclean mitre virginia
1610,advanced automation maryland mclean mitre park virginia
1611,advanced automation maryland mclean mitre park virginia
1612,mitre
1613,ohio
1614,columbus oh ohio
1615,columbus oh ohio
1616,columbus ohio
1617,pa park pennsylvania
1618,hebrew jerusalem
1619,hebrew jerusalem
1620,mountain view
1621,british columbia
1622,bc british columbia vancouver
1623,hong kong
1624,hong kong
1625,hong kong
1626,maryland md park
1627,maryland mclean mitre park va
1628,melbourne
1629,melbourne victoria
1630,dearborn mi michigan
1631,wales
1632,wales
1633,sydney wales
1634,nsw sydney wales
1635,queensland
1636,queensland
1637,brisbane queensland
1638,brisbane ict nicta queensland
1639,arlington texas
1640,arlington texas tx
1641,arlington box cse texas tx
1642,dallas richardson texas tx
1643,tokyo
1644,hawthorne ibm thomas watson
1645,hawthorne ibm ny thomas watson
1646,mountain software view
1647,nchen software
1648,munich software
1649,beijing tsinghua
1650,beijing tsinghua
1651,beijing tsinghua
1652,dresden tu
1653,tu
1654,tu
1655,nchen tu
1656,nchen tu
1657,munich nchen tu
1658,nchen tu
1659,pennsylvania
1660,berkeley
1661,berkeley
1662,cruz santa
1663,di la roma sapienza
1664,british columbia
1665,illinois
1666,michigan
1667,arlington texas
1668,torino
1669,berkeley
1670,berkeley electrical
1671,berkeley electrical
1672,berkeley intel
1673,diego jolla la
1674,lri orsay paris
1675,berkeley uc
1676,berkeley uc
1677,berkeley uc
1678,berkeley uc
1679,berkeley uc
1680,berkeley electrical uc
1681,davis uc
1682,riverside uc
1683,diego uc
1684,diego uc
1685,diego jolla la uc
1686,cruz santa uc
1687,cruz santa uc
1688,cruz santa uc
1689,berkeley uc
1690,diego uc
1691,ucla
1692,angeles los ucla
1693,ucla
1694,angeles los ucla
1695,angeles los ucla
1696,angeles los ucla
1697,angeles los ucla
1698,diego
1699,uiuc
1700,il uiuc urbana
1701,ann arbor
1702,amherst umass
1703,boston ma umass
1704,boston ma umass
1705,chapel hill
1706,bc british columbia ubc vancouver
1707,berkeley
1708,degli di studi torino
1709,di milan milano
1710,di torino
1711,british columbia
1712,british columbia vancouver
1713,buffalo ny
1714,riverside
1715,cruz santa
1716,berkeley electrical
1717,almaden berkeley ibm jose
1718,riverside
1719,diego jolla la
1720,chicago il illinois
1721,champaign illinois urbana
1722,la lafayette louisiana
1723,maryland
1724,maryland park
1725,amherst massachusetts
1726,melbourne
1727,michigan
1728,munich
1729,passau
1730,pennsylvania
1731,la sapienza
1732,arlington texas
1733,arlington texas
1734,tokyo
1735,toronto
1736,seattle washington
1737,seattle wa washington
1738,alon edu washington
1739,ont waterloo
1740,madison wisconsin
1741,madison wi wisconsin
1742,madison wisconsin
1743,dauphine paris
1744,paris
1745,paris sud
1746,de madrid
1747,clara santa
1748,versailles
1749,madison wisconsin
1750,madison wisconsin
1751,barbara santa
1752,wales
1753,de universidad
1754,chile de universidad
1755,chile de universidad
1756,cnica de madrid polit universidad
1757,cnica de madrid polit universidad
1758,de do federal rio universidade
1759,do federal rio universidade
1760,la roma sapienza
1761,basilicata della potenza
1762,basilicata da della potenza
1763,basilicata della potenza
1764,calabria della rende
1765,di milano
1766,di pisa universita
1767,di la roma sapienza
1768,di la roma sapienza universita
1769,di dipartimento informatica it la roma sapienza sistemistica via
1770,di roma tre universita
1771,di torino
1772,roma tre
1773,roma tre
1774,roma tre
1775,roma tre
1776,della roma tre via
1777,basilicata della potenza
1778,cken saarbr
1779,karlsruhe
1780,de informatik institut leipzig uni
1781,magdeburg
1782,mannheim
1783,de informatik mannheim uni
1784,campus de institut leonardo nster uni
1785,informatik mathematik passau und
1786,db de informatik lehrstuhl passau uni
1787,db de informatik lehrstuhl passau uni
1788,passau
1789,cnica de polit
1790,catalonia cnica de polit
1791,bingen
1792,de
1793,de nantes
1794,de fr lri orsay paris sud
1795,dauphine de paris
1796,dauphine paris
1797,paris sud
1798,ny york
1799,ny suny
1800,buffalo york
1801,buffalo ny
1802,buffalo ny york
1803,freiburg
1804,marburg
1805,kingdom united
1806,alberta
1807,alberta computing edmonton
1808,alberta edmonton
1809,antwerp
1810,antwerp
1811,antwerp
1812,arizona
1813,arizona tucson
1814,arizona az
1815,arizona az tucson
1816,arizona az tucson
1817,arizona az tucson
1818,athens
1819,athens
1820,athens
1821,athens hellas
1822,augsburg
1823,basilicata
1824,bologna
1825,british columbia
1826,bc british columbia ubc vancouver
1827,british columbia
1828,british columbia vancouver
1829,british columbia vancouver
1830,bc british columbia ubc vancouver
1831,british columbia vancouver
1832,british columbia vancouver
1833,british columbia ubc
1834,calgary
1835,calgary
1836,university
1837,riverside scienceengineering
1838,berkeley
1839,berkeley
1840,berkeley
1841,davis
1842,davis
1843,irvine
1844,angeles los
1845,riverside
1846,diego jolla la
1847,barbara santa
1848,barbara santa
1849,barbara santa
1850,cruz santa
1851,irvine
1852,irvine
1853,angeles los
1854,angeles los
1855,riverside
1856,diego
1857,diego jolla la
1858,diego
1859,barbara santa
1860,barbara santa
1861,cruz santa
1862,cruz santa
1863,berkeley
1864,berkeley
1865,berkeley
1866,berkeley
1867,berkeley
1868,berkeley
1869,berkeley
1870,berkeley edu
1871,davis
1872,davis edu one
1873,irvine
1874,irvine
1875,irvine
1876,irvine
1877,irvine
1878,irvine
1879,angeles los
1880,angeles los
1881,riverside
1882,riverside
1883,riverside
1884,riverside
1885,diego
1886,diego jolla la
1887,diego
1888,diego jolla la
1889,barbara santa
1890,barbara santa
1891,barbara santa
1892,barbara santa
1893,barbara santa
1894,cruz santa
1895,cruz santa
1896,cruz santa
1897,cruz santa
1898,cruz santa
1899,university
1900,irvine
1901,barbara santa
1902,cambridge
1903,central florida
1904,central fl florida
1905,central oklahoma
1906,crete
1907,dortmund
1908,edinburgh
1909,edinburgh scotland
1910,edinburgh kingdom united
1911,edinburgh scotland
1912,edinburgh scotland
1913,edinburgh
1914,edinburgh united
1915,edinburgh scotland
1916,edinburgh scotland
1917,florida
1918,florida gainesville
1919,fl florida gainesville
1920,fl florida gainesville
1921,fl florida gainesville
1922,florida gainesville
1923,freiburg
1924,freiburg
1925,halle
1926,halle
1927,hannover
1928,heidelberg
1929,heidelberg
1930,heidelberg informatik institut
1931,helsinki
1932,finland helsinki
1933,hong kong
1934,hong kong
1935,hong kong
1936,hong kong
1937,houston tx
1938,houston tx
1939,champaign il urbana
1940,illinois
1941,chicago illinois
1942,chicago il illinois
1943,chicago il illinois
1944,champaign illinois urbana
1945,champaign il illinois urbana
1946,champaign illinois urbana
1947,champaign il illinois urbana
1948,champaign il illinois urbana
1949,champaign il illinois urbana
1950,champaign illinois urbana
1951,illinois urbana
1952,edu il illinois uiuc urbana
1953,chicago illinois
1954,champaign illinois urbana
1955,champaign illinois urbana
1956,champaign il illinois urbana
1957,champaign il illinois urbana
1958,illinois
1959,ioannina
1960,ioannina
1961,kaiserslautern
1962,kaiserslautern
1963,kaiserslautern
1964,konstanz
1965,konstanz
1966,konstanz
1967,konstanz
1968,leipzig
1969,leipzig
1970,leipzig
1971,kingdom london united
1972,london
1973,lafayette louisiana
1974,kingdom manchester united
1975,mannheim
1976,mannheim
1977,marburg
1978,marburg
1979,marburg
1980,maryland
1981,maryland park
1982,baltimore maryland
1983,baltimore maryland md
1984,maryland park
1985,maryland park
1986,maryland park
1987,maryland md park
1988,maryland md park
1989,edu maryland md park umd
1990,maryland md park
1991,maryland park
1992,maryland md
1993,maryland
1994,massachusetts
1995,amherst massachusetts
1996,amherst ma massachusetts
1997,boston massachusetts
1998,amherst massachusetts
1999,amherst ma massachusetts
2000,amherst ma massachusetts
2001,melbourne
2002,melbourne
2003,melbourne victoria
2004,michigan
2005,ann arbor michigan
2006,ann arbor michigan
2007,ann arbor mi michigan
2008,ann arbor mi michigan
2009,ann arbor edu michigan
2010,ann arbor michigan
2011,ann arbor edu michigan
2012,mi michigan
2013,michigan
2014,ann arbor mi michigan
2015,milano
2016,minneapolis minnesota mn
2017,minneapolis minnesota mn
2018,minneapolis minnesota mn
2019,munich
2020,munich
2021,munich
2022,munich
2023,munich
2024,nster
2025,nantes
2026,nantes
2027,wales
2028,wales
2029,sydney wales
2030,nsw sydney wales
2031,carolina chapel hill
2032,carolina chapel hill nc
2033,carolina chapel hill nc
2034,carolina
2035,nsw sydney
2036,oklahoma
2037,ottawa
2038,ontario ottawa
2039,oxford
2040,kingdom oxford united
2041,paris
2042,paris
2043,passau
2044,patras rio
2045,pennsylvania
2046,pennsylvania philadelphia
2047,pa pennsylvania philadelphia
2048,pa pennsylvania philadelphia
2049,pa pennsylvania philadelphia
2050,pennsylvania philadelphia
2051,pa pittsburgh
2052,pa pittsburgh
2053,queensland
2054,brisbane queensland
2055,roma tre
2056,roma
2057,saarbruecken saarland
2058,university
2059,adelaide
2060,adelaide sa
2061,florida
2062,angeles los southern
2063,angeles los southern
2064,angeles los southern
2065,angeles los southern
2066,del marina rey southern
2067,angeles los southern
2068,electrical stuttgart
2069,distributed stuttgart
2070,stuttgart
2071,sydney
2072,sydney
2073,nsw sydney
2074,nsw sydney
2075,texas
2076,arlington texas
2077,arlington texas tx
2078,arlington texas tx
2079,austin texas
2080,austin texas tx
2081,dallas texas
2082,dallas richardson texas tx
2083,texas
2084,texas tx
2085,austin texas tx
2086,austin texas tx
2087,arlington texas
2088,saarland
2089,cken saarbr saarland
2090,box de saarbruecken saarland uni
2091,saarbruecken saarland
2092,saarland
2093,tokyo
2094,torino
2095,toronto
2096,toronto
2097,toronto
2098,ont toronto
2099,on toronto
2100,toronto
2101,on toronto
2102,on toronto
2103,on toronto
2104,ont toronto
2105,ontario toronto
2106,ontario toronto
2107,trento
2108,trento
2109,trento
2110,bingen
2111,enschede twente
2112,enschede twente
2113,enschede twente
2114,twente
2115,utah
2116,utah
2117,utah
2118,vermont
2119,burlington vermont vt
2120,burlington vermont vt
2121,fr prism versailles
2122,washington
2123,alon box edu seattle wa washington
2124,seattle washington
2125,seattle washington
2126,seattle wa washington
2127,edu seattle wa washington
2128,edu seattle wa washington
2129,seattle wa washington
2130,waterloo
2131,waterloo
2132,ontario waterloo
2133,waterloo
2134,on waterloo
2135,ontario waterloo
2136,madison wi
2137,wisconsin
2138,madison wisconsin
2139,madison wi wisconsin
2140,madison wisconsin
2141,madison wisconsin
2142,madison wi wisconsin
2143,madison wisconsin
2144,madison wi wisconsin
2145,madison wi wisconsin
2146,madison wi wisconsin
2147,madison wisconsin
2148,madison wi wisconsin
2149,madison wi wisconsin
2150,madison wi wisconsin
2151,zurich
2152,zurich
2153,rich
2154,fr paris
2155,del marina rey usc
2156,angeles los usc
2157,madison uw
2158,madison uw
2159,sunnyvale
2160,communication ma waltham
2161,virginia
2162,virginia
2163,nster
2164,ks wichita
2165,ks wichita
2166,edu
2167,institut polytechnic worcester
2168,polytechnic worcester
2169,ma polytechnic worcester
2170,ma polytechnic worcester
2171,wright
2172,dayton ohio wright
2173,com de
2174,st
2175,clara santa yahoo
2176,sunnyvale yahoo
2177,sunnyvale yahoo
2178,yahoo
2179,bangalore yahoo
2180,yahoo
2181,bangalore yahoo
2182,berkeley yahoo
2183,yahoo
2184,ny yahoo york
2185,yahoo york
2186,clara santa yahoo
2187,clara santa yahoo
2188,clara santa yahoo
2189,sunnyvale yahoo
2190,sunnyvale yahoo
2191,bangalore yahoo
2192,yahoo
2193,sunnyvale yahoo
2194,sunnyvale yahoo
2195,sunnyvale
2196,yale
2197,haven yale
2198,haven yale
2199,haven yale
2200,york
2201,ontario toronto york
2202,york
2203,on toronto york
2204,on toronto york
2205,zhejiang
2206,zhejiang
